id,label,split,frames,duration_s,fps,success,confidence,gap_ratio,nan_cells,cells
abnormal/normal_20,ASD,train,676,27.28,24.7434,1.0,0.9612,0.0,0,482664
abnormal/normal_21,ASD,train,460,18.36,25.0,1.0,0.9598,0.0,0,328440
abnormal/normal_22,ASD,train,456,18.2,25.0,1.0,0.9727,0.0,0,325584
abnormal/normal_23,ASD,train,433,20.72,20.8494,1.0,0.963,0.0023,0,309162
abnormal/normal_24,ASD,train,404,21.36,18.867,1.0,0.9595,0.0124,0,288456
abnormal/normal_25,ASD,train,287,11.96,23.913,1.0,0.9507,0.0035,0,204918
abnormal/normal_26,ASD,train,494,19.72,25.0,1.0,0.9562,0.0,0,352716
abnormal/normal_27,ASD,train,383,19.84,19.254,1.0,0.9539,0.0052,0,273462
abnormal/normal_28,ASD,train,611,24.56,24.8371,1.0,0.9614,0.0,0,436254
abnormal/normal_29,ASD,train,498,19.88,25.0,1.0,0.956,0.0,0,355572
abnormal/normal_30,ASD,train,319,13.36,23.8024,1.0,0.9692,0.0031,0,227766
abnormal/normal_31,ASD,train,511,21.52,23.6989,1.0,0.9771,0.002,0,364854
abnormal/normal_32,ASD,train,555,22.16,25.0,1.0,0.9727,0.0,0,396270
abnormal/normal_33,ASD,train,481,19.2,25.0,1.0,0.9476,0.0,0,343434
abnormal/normal_34,ASD,train,426,26.84,15.8346,1.0,0.9351,0.0118,0,304164
abnormal/normal_35,ASD,train,595,25.88,22.9521,1.0,0.9681,0.0051,0,424830
abnormal/normal_36,ASD,train,818,32.68,25.0,1.0,0.9504,0.0,0,584052
abnormal/normal_37,ASD,train,848,34.52,24.5365,1.0,0.9648,0.0024,0,605472
abnormal/normal_38,ASD,train,1140,46.68,24.4002,1.0,0.9379,0.0009,0,813960
abnormal/normal_39,ASD,train,445,32.44,13.6868,1.0,0.9671,0.0293,0,317730
abnormal/normal_40,ASD,train,279,11.12,25.0,1.0,0.9739,0.0,0,199206
abnormal/normal_41,ASD,train,379,17.52,21.5753,1.0,0.9605,0.0079,0,270606
abnormal/normal_42,ASD,train,382,19.24,19.8025,1.0,0.9267,0.0026,0,272748
abnormal/normal_43,ASD,train,641,27.68,23.1214,1.0,0.9446,0.0047,0,457674
abnormal/normal_44,ASD,train,1304,61.84,21.0705,1.0,0.9514,0.0092,0,931056
abnormal/normal_45,ASD,train,211,10.32,20.3488,1.0,0.9593,0.0048,0,150654
abnormal/normal_46,ASD,train,254,11.6,21.8103,1.0,0.9717,0.0079,0,181356
abnormal/normal_47,ASD,train,647,26.68,24.2129,1.0,0.9733,0.0015,0,461958
abnormal/normal_48,ASD,train,724,32.04,22.5655,1.0,0.9458,0.0055,0,516936
abnormal/normal_49,ASD,train,413,25.48,16.1695,1.0,0.9632,0.0097,0,294882
abnormal/normal_50,ASD,train,809,34.32,23.5431,1.0,0.9305,0.0037,0,577626
abnormal/normal_51,ASD,train,533,21.44,24.8134,1.0,0.9701,0.0,0,380562
abnormal/normal_52,ASD,train,775,40.68,19.0265,1.0,0.9684,0.0039,0,553350
abnormal/normal_53,ASD,train,258,10.28,25.0,1.0,0.9796,0.0,0,184212
abnormal/normal_54,ASD,train,818,34.32,23.8054,1.0,0.9525,0.0024,0,584052
abnormal/normal_55,ASD,train,301,13.8,21.7391,1.0,0.9616,0.0067,0,214914
abnormal/normal_56,ASD,train,464,19.08,24.2662,1.0,0.961,0.0022,0,331296
abnormal/normal_57,ASD,train,638,25.56,24.9218,1.0,0.9089,0.0,0,455532
normal/normal_10,TD,train,447,17.84,25.0,1.0,0.9403,0.0,0,319158
normal/normal_11,TD,train,328,13.08,25.0,1.0,0.9387,0.0,0,234192
normal/normal_12,TD,train,258,12.96,19.8302,1.0,0.9704,0.0117,0,184212
normal/normal_13,TD,train,167,7.88,21.066,1.0,0.968,0.0181,0,119238
normal/normal_14,TD,train,289,11.52,25.0,1.0,0.9733,0.0,0,206346
normal/normal_15,TD,train,305,12.44,24.4373,1.0,0.9528,0.0,0,217770
normal/normal_16,TD,train,414,16.52,25.0,1.0,0.98,0.0,0,295596
normal/normal_17,TD,train,260,10.36,25.0,1.0,0.98,0.0,0,185640
normal/normal_18,TD,train,235,9.36,25.0,1.0,0.9659,0.0,0,167790
normal/normal_19,TD,train,226,9.32,24.1416,1.0,0.9615,0.0044,0,161364
normal/normal_20,TD,train,238,9.48,25.0,1.0,0.9691,0.0,0,169932
normal/normal_21,TD,train,283,11.84,23.8176,1.0,0.9653,0.0035,0,202062
normal/normal_22,TD,train,332,13.24,25.0,1.0,0.9648,0.0,0,237048
normal/normal_23,TD,train,354,14.16,24.9294,1.0,0.964,0.0,0,252756
normal/normal_24,TD,train,394,15.72,25.0,1.0,0.9799,0.0,0,281316
normal/normal_25,TD,train,307,12.24,25.0,1.0,0.9717,0.0,0,219198
normal/normal_9,TD,train,396,15.8,25.0,1.0,0.9612,0.0,0,282744
abnormal/normal_1,ASD,test,439,19.04,23.0042,1.0,0.9592,0.0046,0,313446
abnormal/normal_10,ASD,test,656,28.08,23.3262,1.0,0.96,0.0046,0,468384
abnormal/normal_11,ASD,test,1434,65.56,21.8578,1.0,0.9283,0.007,0,1023876
abnormal/normal_12,ASD,test,734,29.72,24.6635,1.0,0.9474,0.0014,0,524076
abnormal/normal_13,ASD,test,1518,63.2,24.0032,1.0,0.9271,0.0033,0,1083852
abnormal/normal_14,ASD,test,1220,60.12,20.2761,1.0,0.9258,0.0057,0,871080
abnormal/normal_15,ASD,test,486,20.24,23.9625,1.0,0.9644,0.0021,0,347004
abnormal/normal_16,ASD,test,714,34.2,20.848,1.0,0.9676,0.0042,0,509796
abnormal/normal_17,ASD,test,520,22.76,22.8032,1.0,0.9693,0.0039,0,371280
abnormal/normal_18,ASD,test,534,23.4,22.7778,1.0,0.9523,0.0056,0,381276
abnormal/normal_19,ASD,test,554,35.44,15.6038,1.0,0.9568,0.0127,0,395556
abnormal/normal_2,ASD,test,404,19.44,20.7305,1.0,0.9594,0.0124,0,288456
abnormal/normal_3,ASD,test,415,17.6,23.5227,1.0,0.9598,0.0048,0,296310
abnormal/normal_4,ASD,test,779,33.68,23.0998,1.0,0.9642,0.0051,0,556206
abnormal/normal_5,ASD,test,405,17.4,23.2184,1.0,0.9463,0.0025,0,289170
abnormal/normal_6,ASD,test,366,15.0,24.3333,1.0,0.9638,0.0027,0,261324
abnormal/normal_7,ASD,test,345,19.24,17.8794,1.0,0.9704,0.0029,0,246330
abnormal/normal_8,ASD,test,388,17.84,21.6928,1.0,0.9724,0.0078,0,277032
abnormal/normal_9,ASD,test,645,31.12,20.6941,1.0,0.9514,0.0093,0,460530
normal/normal_1,TD,test,180,7.16,25.0,1.0,0.98,0.0,0,128520
normal/normal_2,TD,test,362,14.72,24.5245,1.0,0.9676,0.0,0,258468
normal/normal_3,TD,test,197,8.48,23.1132,1.0,0.9503,0.0051,0,140658
normal/normal_4,TD,test,214,8.52,25.0,1.0,0.9604,0.0,0,152796
normal/normal_5,TD,test,331,13.2,25.0,1.0,0.9703,0.0,0,236334
normal/normal_6,TD,test,473,18.88,25.0,1.0,0.9794,0.0,0,337722
normal/normal_7,TD,test,450,17.96,25.0,1.0,0.9488,0.0,0,321300
normal/normal_8,TD,test,336,13.4,25.0,1.0,0.9727,0.0,0,239904
